/*
 Navicat Premium Dump SQL

 Source Server         : one
 Source Server Type    : MySQL
 Source Server Version : 80039 (8.0.39)
 Source Host           : localhost:3306
 Source Schema         : west_hospital

 Target Server Type    : MySQL
 Target Server Version : 80039 (8.0.39)
 File Encoding         : 65001

 Date: 28/08/2024 17:42:19
*/

SET NAMES utf8mb4;
SET FOREIGN_KEY_CHECKS = 0;

-- ----------------------------
-- Table structure for fill_in
-- ----------------------------
DROP TABLE IF EXISTS `fill_in`;
CREATE TABLE `fill_in`  (
  `id` int NOT NULL AUTO_INCREMENT,
  `form_id` int NOT NULL,
  `form_name` varchar(255) CHARACTER SET utf8mb4 COLLATE utf8mb4_general_ci NOT NULL,
  `written_by` varchar(255) CHARACTER SET utf8mb4 COLLATE utf8mb4_general_ci NOT NULL COMMENT '填写人',
  `written_account` varchar(255) CHARACTER SET utf8mb4 COLLATE utf8mb4_general_ci NOT NULL COMMENT '填写人账号',
  `date` datetime NOT NULL,
  `state` int NOT NULL COMMENT '三种状态 1：待校验  2：校验正确  3：错误',
  `user_id` varchar(255) CHARACTER SET utf8mb4 COLLATE utf8mb4_general_ci NULL DEFAULT NULL COMMENT '表单内容里面第一项，人员id',
  `content` longtext CHARACTER SET utf8mb4 COLLATE utf8mb4_general_ci NOT NULL,
  PRIMARY KEY (`id`, `form_id` DESC) USING BTREE
) ENGINE = InnoDB AUTO_INCREMENT = 26 CHARACTER SET = utf8mb4 COLLATE = utf8mb4_general_ci ROW_FORMAT = DYNAMIC;

-- ----------------------------
-- Records of fill_in
-- ----------------------------
INSERT INTO `fill_in` VALUES (1, 3, 'test9', '123', '123', '2024-08-24 20:14:11', 1, '44', '[{\"type\":7,\"uniqueName\":\"\",\"label\":\"人员ID\",\"suggestion\":\"\",\"content\":\"\",\"isNecessary\":true,\"checkValue\":true},{\"type\":0,\"uniqueName\":\"\",\"label\":\"单行输入框\",\"max\":10,\"min\":0,\"content\":\"\",\"isNecessary\":true,\"checkValue\":false},{\"type\":1,\"uniqueName\":\"\",\"label\":\"多行输入框\",\"max\":10,\"min\":0,\"content\":\"\",\"isNecessary\":false,\"checkValue\":false}]');
INSERT INTO `fill_in` VALUES (2, 3, 'test9', '管理员', 'admin', '2024-08-24 22:59:07', 1, '55', '[{\"type\":7,\"uniqueName\":\"\",\"label\":\"人员ID\",\"suggestion\":\"\",\"content\":\"1\",\"isNecessary\":true,\"checkValue\":true},{\"type\":0,\"uniqueName\":\"\",\"label\":\"单行输入框\",\"max\":10,\"min\":0,\"content\":\"11\",\"isNecessary\":true,\"checkValue\":false},{\"type\":1,\"uniqueName\":\"\",\"label\":\"多行输入框\",\"max\":10,\"min\":0,\"content\":\"111\",\"isNecessary\":false,\"checkValue\":false}]');
INSERT INTO `fill_in` VALUES (3, 4, 'test2', '管理员', 'admin', '2024-08-24 23:00:30', 1, '44', '[{\"type\":7,\"uniqueName\":\"\",\"label\":\"人员ID\",\"suggestion\":\"7,8,9\",\"content\":\"7\",\"isNecessary\":true,\"checkValue\":true},{\"type\":2,\"uniqueName\":\"\",\"label\":\"单选框\",\"select\":\"选项1\",\"content\":[\"选项1\",\"选项2\"],\"isNecessary\":false},{\"type\":3,\"uniqueName\":\"\",\"label\":\"多选框\",\"select\":[\"选项1\",\"选项3\"],\"content\":[\"选项1\",\"选项12\",\"选项3\"],\"isNecessary\":false},{\"type\":7,\"uniqueName\":\"\",\"label\":\"带建议框\",\"suggestion\":\"\",\"content\":\"56\",\"isNecessary\":true,\"checkValue\":false},{\"type\":20,\"uniqueName\":\"\",\"label\":\"自增表格\",\"header\":[\"列1\",\"列2\"],\"bodyForm\":[{\"type\":0,\"uniqueName\":\"\",\"label\":\"单行输入框\",\"max\":10,\"min\":0,\"suggestion\":\"\",\"content\":\"\"},{\"type\":4,\"uniqueName\":\"\",\"label\":\"日期选择\",\"max\":100,\"min\":0,\"suggestion\":\"\",\"content\":\"\"}],\"content\":[[4,5]]}]');
INSERT INTO `fill_in` VALUES (4, 4, 'test2', '管理员', 'admin', '2024-08-24 23:01:34', 1, '55', '[{\"type\":7,\"uniqueName\":\"\",\"label\":\"人员ID\",\"suggestion\":\"7,8,9\",\"content\":\"8\",\"isNecessary\":true,\"checkValue\":true},{\"type\":2,\"uniqueName\":\"\",\"label\":\"单选框\",\"select\":\"\",\"content\":[\"选项1\",\"选项2\"],\"isNecessary\":false},{\"type\":3,\"uniqueName\":\"\",\"label\":\"多选框\",\"select\":[],\"content\":[\"选项1\",\"选项12\",\"选项3\"],\"isNecessary\":false},{\"type\":7,\"uniqueName\":\"\",\"label\":\"带建议框\",\"suggestion\":\"\",\"content\":\"\",\"isNecessary\":true,\"checkValue\":false},{\"type\":20,\"uniqueName\":\"\",\"label\":\"自增表格\",\"header\":[\"列1\",\"列2\"],\"bodyForm\":[{\"type\":0,\"uniqueName\":\"\",\"label\":\"单行输入框\",\"max\":10,\"min\":0,\"suggestion\":\"\",\"content\":\"\"},{\"type\":4,\"uniqueName\":\"\",\"label\":\"日期选择\",\"max\":100,\"min\":0,\"suggestion\":\"\",\"content\":\"\"}],\"content\":[[4,5]]}]');
INSERT INTO `fill_in` VALUES (7, 3, 'test9', '管理员', 'admin', '2024-08-24 23:36:02', 1, '66', '[{\"type\":7,\"uniqueName\":\"\",\"label\":\"人员ID\",\"suggestion\":\"\",\"content\":\"96\",\"isNecessary\":true,\"checkValue\":true},{\"type\":0,\"uniqueName\":\"\",\"label\":\"单行输入框\",\"max\":10,\"min\":0,\"content\":\"\",\"isNecessary\":true,\"checkValue\":false},{\"type\":1,\"uniqueName\":\"\",\"label\":\"多行输入框\",\"max\":10,\"min\":0,\"content\":\"\",\"isNecessary\":false,\"checkValue\":false}]');
INSERT INTO `fill_in` VALUES (8, 5, 'wh', '管理员', 'admin', '2024-08-24 23:57:23', 1, '77', '[{\"type\":7,\"uniqueName\":\"\",\"label\":\"人员ID\",\"suggestion\":\"\",\"content\":\"77\",\"isNecessary\":true,\"checkValue\":true},{\"type\":0,\"uniqueName\":\"\",\"label\":\"单行输入框\",\"max\":10,\"min\":0,\"content\":\"\",\"isNecessary\":false,\"checkValue\":false},{\"type\":1,\"uniqueName\":\"\",\"label\":\"多行输入框\",\"max\":10,\"min\":0,\"content\":\"\",\"isNecessary\":false,\"checkValue\":false},{\"type\":2,\"uniqueName\":\"\",\"label\":\"单选框\",\"select\":\"\",\"content\":[\"选项1\",\"选项2\"],\"isNecessary\":false},{\"type\":3,\"uniqueName\":\"\",\"label\":\"多选框\",\"select\":[],\"content\":[\"选项1\",\"选项12\",\"选项3\"],\"isNecessary\":false},{\"type\":4,\"uniqueName\":\"\",\"label\":\"日期选择\",\"content\":\"\",\"isNecessary\":false,\"checkValue\":false},{\"type\":5,\"uniqueName\":\"\",\"label\":\"数量选择\",\"max\":10,\"min\":0,\"content\":0,\"isNecessary\":false,\"checkValue\":false},{\"type\":6,\"uniqueName\":\"\",\"label\":\"滑动条\",\"max\":1000,\"min\":0,\"content\":0,\"isNecessary\":false,\"checkValue\":false},{\"type\":7,\"uniqueName\":\"\",\"label\":\"带建议框\",\"suggestion\":\"1,4,5,6\",\"content\":\"\",\"isNecessary\":false,\"checkValue\":false},{\"type\":20,\"uniqueName\":\"\",\"label\":\"自增表格\",\"header\":[\"列1\",\"列2\",\"列3\",\"列4\",\"列5\",\"列6\"],\"bodyForm\":[{\"type\":0,\"uniqueName\":\"\",\"label\":\"单行输入框\",\"max\":10,\"min\":0,\"suggestion\":\"\",\"content\":\"\"},{\"type\":1,\"uniqueName\":\"\",\"label\":\"多行文本\",\"max\":100,\"min\":0,\"suggestion\":\"\",\"content\":\"\"},{\"type\":4,\"uniqueName\":\"\",\"label\":\"日期选择\",\"max\":100,\"min\":0,\"suggestion\":\"\",\"content\":\"\"},{\"type\":5,\"uniqueName\":\"\",\"label\":\"数量选择\",\"max\":100,\"min\":0,\"suggestion\":\"\",\"content\":\"\"},{\"type\":6,\"uniqueName\":\"\",\"label\":\"滑动条\",\"max\":100,\"min\":0,\"suggestion\":\"\",\"content\":\"\"},{\"type\":7,\"uniqueName\":\"\",\"label\":\"带建议输入\",\"max\":100,\"min\":0,\"suggestion\":\"9,8,7\",\"content\":\"\"}],\"content\":[[4,5,\"1\",\"1\",\"1\",\"1\"]]}]');
INSERT INTO `fill_in` VALUES (9, 5, 'wh', '管理员', 'admin', '2024-08-24 23:57:33', 2, '66', '[{\"type\":7,\"uniqueName\":\"\",\"label\":\"人员ID\",\"suggestion\":\"\",\"content\":\"1\",\"isNecessary\":true,\"checkValue\":true},{\"type\":0,\"uniqueName\":\"\",\"label\":\"单行输入框\",\"max\":10,\"min\":0,\"content\":\"117\",\"isNecessary\":false,\"checkValue\":false},{\"type\":1,\"uniqueName\":\"\",\"label\":\"多行输入框\",\"max\":10,\"min\":0,\"content\":\"\",\"isNecessary\":false,\"checkValue\":false},{\"type\":2,\"uniqueName\":\"\",\"label\":\"单选框\",\"select\":\"\",\"content\":[\"选项1\",\"选项2\"],\"isNecessary\":false},{\"type\":3,\"uniqueName\":\"\",\"label\":\"多选框\",\"select\":[],\"content\":[\"选项1\",\"选项12\",\"选项3\"],\"isNecessary\":false},{\"type\":4,\"uniqueName\":\"\",\"label\":\"日期选择\",\"content\":\"\",\"isNecessary\":false,\"checkValue\":false},{\"type\":5,\"uniqueName\":\"\",\"label\":\"数量选择\",\"max\":10,\"min\":0,\"content\":0,\"isNecessary\":false,\"checkValue\":false},{\"type\":6,\"uniqueName\":\"\",\"label\":\"滑动条\",\"max\":1000,\"min\":0,\"content\":0,\"isNecessary\":false,\"checkValue\":false},{\"type\":7,\"uniqueName\":\"\",\"label\":\"带建议框\",\"suggestion\":\"1,4,5,6\",\"content\":\"\",\"isNecessary\":false,\"checkValue\":false},{\"type\":20,\"uniqueName\":\"\",\"label\":\"自增表格\",\"header\":[\"列1\",\"列2\",\"列3\",\"列4\",\"列5\",\"列6\"],\"bodyForm\":[{\"type\":0,\"uniqueName\":\"\",\"label\":\"单行输入框\",\"max\":10,\"min\":0,\"suggestion\":\"\",\"content\":\"\"},{\"type\":1,\"uniqueName\":\"\",\"label\":\"多行文本\",\"max\":100,\"min\":0,\"suggestion\":\"\",\"content\":\"\"},{\"type\":4,\"uniqueName\":\"\",\"label\":\"日期选择\",\"max\":100,\"min\":0,\"suggestion\":\"\",\"content\":\"\"},{\"type\":5,\"uniqueName\":\"\",\"label\":\"数量选择\",\"max\":100,\"min\":0,\"suggestion\":\"\",\"content\":\"\"},{\"type\":6,\"uniqueName\":\"\",\"label\":\"滑动条\",\"max\":100,\"min\":0,\"suggestion\":\"\",\"content\":\"\"},{\"type\":7,\"uniqueName\":\"\",\"label\":\"带建议输入\",\"max\":100,\"min\":0,\"suggestion\":\"9,8,7\",\"content\":\"\"}],\"content\":[[4,5,\"1\",\"1\",\"1\",\"1\"]]}]');
INSERT INTO `fill_in` VALUES (10, 5, 'wh', '管理员', 'admin', '2024-08-24 23:57:40', 3, '66', '[{\"type\":7,\"uniqueName\":\"\",\"label\":\"人员ID\",\"suggestion\":\"\",\"content\":\"2\",\"isNecessary\":true,\"checkValue\":true},{\"type\":0,\"uniqueName\":\"\",\"label\":\"单行输入框\",\"max\":10,\"min\":0,\"content\":\"22\",\"isNecessary\":false,\"checkValue\":false},{\"type\":1,\"uniqueName\":\"\",\"label\":\"多行输入框\",\"max\":10,\"min\":0,\"content\":\"2228\",\"isNecessary\":false,\"checkValue\":false},{\"type\":2,\"uniqueName\":\"\",\"label\":\"单选框\",\"select\":\"\",\"content\":[\"选项1\",\"选项2\"],\"isNecessary\":false},{\"type\":3,\"uniqueName\":\"\",\"label\":\"多选框\",\"select\":[],\"content\":[\"选项1\",\"选项12\",\"选项3\"],\"isNecessary\":false},{\"type\":4,\"uniqueName\":\"\",\"label\":\"日期选择\",\"content\":\"\",\"isNecessary\":false,\"checkValue\":false},{\"type\":5,\"uniqueName\":\"\",\"label\":\"数量选择\",\"max\":10,\"min\":0,\"content\":0,\"isNecessary\":false,\"checkValue\":false},{\"type\":6,\"uniqueName\":\"\",\"label\":\"滑动条\",\"max\":1000,\"min\":0,\"content\":0,\"isNecessary\":false,\"checkValue\":false},{\"type\":7,\"uniqueName\":\"\",\"label\":\"带建议框\",\"suggestion\":\"1,4,5,6\",\"content\":\"\",\"isNecessary\":false,\"checkValue\":false},{\"type\":20,\"uniqueName\":\"\",\"label\":\"自增表格\",\"header\":[\"列1\",\"列2\",\"列3\",\"列4\",\"列5\",\"列6\"],\"bodyForm\":[{\"type\":0,\"uniqueName\":\"\",\"label\":\"单行输入框\",\"max\":10,\"min\":0,\"suggestion\":\"\",\"content\":\"\"},{\"type\":1,\"uniqueName\":\"\",\"label\":\"多行文本\",\"max\":100,\"min\":0,\"suggestion\":\"\",\"content\":\"\"},{\"type\":4,\"uniqueName\":\"\",\"label\":\"日期选择\",\"max\":100,\"min\":0,\"suggestion\":\"\",\"content\":\"\"},{\"type\":5,\"uniqueName\":\"\",\"label\":\"数量选择\",\"max\":100,\"min\":0,\"suggestion\":\"\",\"content\":\"\"},{\"type\":6,\"uniqueName\":\"\",\"label\":\"滑动条\",\"max\":100,\"min\":0,\"suggestion\":\"\",\"content\":\"\"},{\"type\":7,\"uniqueName\":\"\",\"label\":\"带建议输入\",\"max\":100,\"min\":0,\"suggestion\":\"9,8,7\",\"content\":\"\"}],\"content\":[[4,5,\"1\",\"1\",\"1\",\"1\"]]}]');
INSERT INTO `fill_in` VALUES (11, 5, 'wh', '管理员', 'admin', '2024-08-24 23:57:55', 2, '66', '[{\"type\":7,\"uniqueName\":\"\",\"label\":\"人员ID\",\"suggestion\":\"\",\"content\":\"3\",\"isNecessary\":true,\"checkValue\":true},{\"type\":0,\"uniqueName\":\"\",\"label\":\"单行输入框\",\"max\":10,\"min\":0,\"content\":\"33\",\"isNecessary\":false,\"checkValue\":false},{\"type\":1,\"uniqueName\":\"\",\"label\":\"多行输入框\",\"max\":10,\"min\":0,\"content\":\"333\",\"isNecessary\":false,\"checkValue\":false},{\"type\":2,\"uniqueName\":\"\",\"label\":\"单选框\",\"select\":\"选项2\",\"content\":[\"选项1\",\"选项2\"],\"isNecessary\":false},{\"type\":3,\"uniqueName\":\"\",\"label\":\"多选框\",\"select\":[],\"content\":[\"选项1\",\"选项12\",\"选项3\"],\"isNecessary\":false},{\"type\":4,\"uniqueName\":\"\",\"label\":\"日期选择\",\"content\":\"\",\"isNecessary\":false,\"checkValue\":false},{\"type\":5,\"uniqueName\":\"\",\"label\":\"数量选择\",\"max\":10,\"min\":0,\"content\":0,\"isNecessary\":false,\"checkValue\":false},{\"type\":6,\"uniqueName\":\"\",\"label\":\"滑动条\",\"max\":1000,\"min\":0,\"content\":0,\"isNecessary\":false,\"checkValue\":false},{\"type\":7,\"uniqueName\":\"\",\"label\":\"带建议框\",\"suggestion\":\"1,4,5,6\",\"content\":\"\",\"isNecessary\":false,\"checkValue\":false},{\"type\":20,\"uniqueName\":\"\",\"label\":\"自增表格\",\"header\":[\"列1\",\"列2\",\"列3\",\"列4\",\"列5\",\"列6\"],\"bodyForm\":[{\"type\":0,\"uniqueName\":\"\",\"label\":\"单行输入框\",\"max\":10,\"min\":0,\"suggestion\":\"\",\"content\":\"\"},{\"type\":1,\"uniqueName\":\"\",\"label\":\"多行文本\",\"max\":100,\"min\":0,\"suggestion\":\"\",\"content\":\"\"},{\"type\":4,\"uniqueName\":\"\",\"label\":\"日期选择\",\"max\":100,\"min\":0,\"suggestion\":\"\",\"content\":\"\"},{\"type\":5,\"uniqueName\":\"\",\"label\":\"数量选择\",\"max\":100,\"min\":0,\"suggestion\":\"\",\"content\":\"\"},{\"type\":6,\"uniqueName\":\"\",\"label\":\"滑动条\",\"max\":100,\"min\":0,\"suggestion\":\"\",\"content\":\"\"},{\"type\":7,\"uniqueName\":\"\",\"label\":\"带建议输入\",\"max\":100,\"min\":0,\"suggestion\":\"9,8,7\",\"content\":\"\"}],\"content\":[[4,5,\"1\",\"1\",\"1\",\"1\"]]}]');
INSERT INTO `fill_in` VALUES (12, 5, 'wh', '管理员', 'admin', '2024-08-24 23:58:05', 3, '', '[{\"type\":7,\"uniqueName\":\"\",\"label\":\"人员ID\",\"suggestion\":\"\",\"content\":\"\",\"isNecessary\":true,\"checkValue\":true},{\"type\":0,\"uniqueName\":\"\",\"label\":\"单行输入框\",\"max\":10,\"min\":0,\"content\":\"\",\"isNecessary\":false,\"checkValue\":false},{\"type\":1,\"uniqueName\":\"\",\"label\":\"多行输入框\",\"max\":10,\"min\":0,\"content\":\"\",\"isNecessary\":false,\"checkValue\":false},{\"type\":2,\"uniqueName\":\"\",\"label\":\"单选框\",\"select\":\"\",\"content\":[\"选项1\",\"选项2\"],\"isNecessary\":false},{\"type\":3,\"uniqueName\":\"\",\"label\":\"多选框\",\"select\":[\"选项12\",\"选项3\"],\"content\":[\"选项1\",\"选项12\",\"选项3\"],\"isNecessary\":false},{\"type\":4,\"uniqueName\":\"\",\"label\":\"日期选择\",\"content\":\"\",\"isNecessary\":false,\"checkValue\":false},{\"type\":5,\"uniqueName\":\"\",\"label\":\"数量选择\",\"max\":10,\"min\":0,\"content\":0,\"isNecessary\":false,\"checkValue\":false},{\"type\":6,\"uniqueName\":\"\",\"label\":\"滑动条\",\"max\":1000,\"min\":0,\"content\":0,\"isNecessary\":false,\"checkValue\":false},{\"type\":7,\"uniqueName\":\"\",\"label\":\"带建议框\",\"suggestion\":\"1,4,5,6\",\"content\":\"\",\"isNecessary\":false,\"checkValue\":false},{\"type\":20,\"uniqueName\":\"\",\"label\":\"自增表格\",\"header\":[\"列1\",\"列2\",\"列3\",\"列4\",\"列5\",\"列6\"],\"bodyForm\":[{\"type\":0,\"uniqueName\":\"\",\"label\":\"单行输入框\",\"max\":10,\"min\":0,\"suggestion\":\"\",\"content\":\"\"},{\"type\":1,\"uniqueName\":\"\",\"label\":\"多行文本\",\"max\":100,\"min\":0,\"suggestion\":\"\",\"content\":\"\"},{\"type\":4,\"uniqueName\":\"\",\"label\":\"日期选择\",\"max\":100,\"min\":0,\"suggestion\":\"\",\"content\":\"\"},{\"type\":5,\"uniqueName\":\"\",\"label\":\"数量选择\",\"max\":100,\"min\":0,\"suggestion\":\"\",\"content\":\"\"},{\"type\":6,\"uniqueName\":\"\",\"label\":\"滑动条\",\"max\":100,\"min\":0,\"suggestion\":\"\",\"content\":\"\"},{\"type\":7,\"uniqueName\":\"\",\"label\":\"带建议输入\",\"max\":100,\"min\":0,\"suggestion\":\"9,8,7\",\"content\":\"\"}],\"content\":[[4,5,\"1\",\"1\",\"1\",\"1\"]]}]');
INSERT INTO `fill_in` VALUES (13, 5, 'wh', '管理员', 'admin', '2024-08-24 23:58:13', 3, '', '[{\"type\":7,\"uniqueName\":\"\",\"label\":\"人员ID\",\"suggestion\":\"\",\"content\":\"\",\"isNecessary\":true,\"checkValue\":true},{\"type\":0,\"uniqueName\":\"\",\"label\":\"单行输入框\",\"max\":10,\"min\":0,\"content\":\"\",\"isNecessary\":false,\"checkValue\":false},{\"type\":1,\"uniqueName\":\"\",\"label\":\"多行输入框\",\"max\":10,\"min\":0,\"content\":\"\",\"isNecessary\":false,\"checkValue\":false},{\"type\":2,\"uniqueName\":\"\",\"label\":\"单选框\",\"select\":\"\",\"content\":[\"选项1\",\"选项2\"],\"isNecessary\":false},{\"type\":3,\"uniqueName\":\"\",\"label\":\"多选框\",\"select\":[],\"content\":[\"选项1\",\"选项12\",\"选项3\"],\"isNecessary\":false},{\"type\":4,\"uniqueName\":\"\",\"label\":\"日期选择\",\"content\":\"2024-08-07T16:00:00.000Z\",\"isNecessary\":false,\"checkValue\":false},{\"type\":5,\"uniqueName\":\"\",\"label\":\"数量选择\",\"max\":10,\"min\":0,\"content\":0,\"isNecessary\":false,\"checkValue\":false},{\"type\":6,\"uniqueName\":\"\",\"label\":\"滑动条\",\"max\":1000,\"min\":0,\"content\":0,\"isNecessary\":false,\"checkValue\":false},{\"type\":7,\"uniqueName\":\"\",\"label\":\"带建议框\",\"suggestion\":\"1,4,5,6\",\"content\":\"\",\"isNecessary\":false,\"checkValue\":false},{\"type\":20,\"uniqueName\":\"\",\"label\":\"自增表格\",\"header\":[\"列1\",\"列2\",\"列3\",\"列4\",\"列5\",\"列6\"],\"bodyForm\":[{\"type\":0,\"uniqueName\":\"\",\"label\":\"单行输入框\",\"max\":10,\"min\":0,\"suggestion\":\"\",\"content\":\"\"},{\"type\":1,\"uniqueName\":\"\",\"label\":\"多行文本\",\"max\":100,\"min\":0,\"suggestion\":\"\",\"content\":\"\"},{\"type\":4,\"uniqueName\":\"\",\"label\":\"日期选择\",\"max\":100,\"min\":0,\"suggestion\":\"\",\"content\":\"\"},{\"type\":5,\"uniqueName\":\"\",\"label\":\"数量选择\",\"max\":100,\"min\":0,\"suggestion\":\"\",\"content\":\"\"},{\"type\":6,\"uniqueName\":\"\",\"label\":\"滑动条\",\"max\":100,\"min\":0,\"suggestion\":\"\",\"content\":\"\"},{\"type\":7,\"uniqueName\":\"\",\"label\":\"带建议输入\",\"max\":100,\"min\":0,\"suggestion\":\"9,8,7\",\"content\":\"\"}],\"content\":[[4,5,\"1\",\"1\",\"1\",\"1\"]]}]');
INSERT INTO `fill_in` VALUES (14, 5, 'wh', '管理员', 'admin', '2024-08-24 23:58:20', 3, '', '[{\"type\":7,\"uniqueName\":\"\",\"label\":\"人员ID\",\"suggestion\":\"\",\"content\":\"\",\"isNecessary\":true,\"checkValue\":true},{\"type\":0,\"uniqueName\":\"\",\"label\":\"单行输入框\",\"max\":10,\"min\":0,\"content\":\"\",\"isNecessary\":false,\"checkValue\":false},{\"type\":1,\"uniqueName\":\"\",\"label\":\"多行输入框\",\"max\":10,\"min\":0,\"content\":\"\",\"isNecessary\":false,\"checkValue\":false},{\"type\":2,\"uniqueName\":\"\",\"label\":\"单选框\",\"select\":\"\",\"content\":[\"选项1\",\"选项2\"],\"isNecessary\":false},{\"type\":3,\"uniqueName\":\"\",\"label\":\"多选框\",\"select\":[],\"content\":[\"选项1\",\"选项12\",\"选项3\"],\"isNecessary\":false},{\"type\":4,\"uniqueName\":\"\",\"label\":\"日期选择\",\"content\":\"\",\"isNecessary\":false,\"checkValue\":false},{\"type\":5,\"uniqueName\":\"\",\"label\":\"数量选择\",\"max\":10,\"min\":0,\"content\":10,\"isNecessary\":false,\"checkValue\":false},{\"type\":6,\"uniqueName\":\"\",\"label\":\"滑动条\",\"max\":1000,\"min\":0,\"content\":0,\"isNecessary\":false,\"checkValue\":false},{\"type\":7,\"uniqueName\":\"\",\"label\":\"带建议框\",\"suggestion\":\"1,4,5,6\",\"content\":\"\",\"isNecessary\":false,\"checkValue\":false},{\"type\":20,\"uniqueName\":\"\",\"label\":\"自增表格\",\"header\":[\"列1\",\"列2\",\"列3\",\"列4\",\"列5\",\"列6\"],\"bodyForm\":[{\"type\":0,\"uniqueName\":\"\",\"label\":\"单行输入框\",\"max\":10,\"min\":0,\"suggestion\":\"\",\"content\":\"\"},{\"type\":1,\"uniqueName\":\"\",\"label\":\"多行文本\",\"max\":100,\"min\":0,\"suggestion\":\"\",\"content\":\"\"},{\"type\":4,\"uniqueName\":\"\",\"label\":\"日期选择\",\"max\":100,\"min\":0,\"suggestion\":\"\",\"content\":\"\"},{\"type\":5,\"uniqueName\":\"\",\"label\":\"数量选择\",\"max\":100,\"min\":0,\"suggestion\":\"\",\"content\":\"\"},{\"type\":6,\"uniqueName\":\"\",\"label\":\"滑动条\",\"max\":100,\"min\":0,\"suggestion\":\"\",\"content\":\"\"},{\"type\":7,\"uniqueName\":\"\",\"label\":\"带建议输入\",\"max\":100,\"min\":0,\"suggestion\":\"9,8,7\",\"content\":\"\"}],\"content\":[[4,5,\"1\",\"1\",\"1\",\"1\"]]}]');
INSERT INTO `fill_in` VALUES (16, 5, 'wh', '管理员', 'admin', '2024-08-25 00:53:32', 1, '', '[{\"type\":7,\"uniqueName\":\"\",\"label\":\"人员ID\",\"suggestion\":\"\",\"content\":\"7\",\"isNecessary\":true,\"checkValue\":true},{\"type\":0,\"uniqueName\":\"\",\"label\":\"单行输入框\",\"max\":10,\"min\":0,\"content\":\"\",\"isNecessary\":false,\"checkValue\":false},{\"type\":1,\"uniqueName\":\"\",\"label\":\"多行输入框\",\"max\":10,\"min\":0,\"content\":\"\",\"isNecessary\":false,\"checkValue\":false},{\"type\":2,\"uniqueName\":\"\",\"label\":\"单选框\",\"select\":\"\",\"content\":[\"选项1\",\"选项2\"],\"isNecessary\":false},{\"type\":3,\"uniqueName\":\"\",\"label\":\"多选框\",\"select\":[],\"content\":[\"选项1\",\"选项12\",\"选项3\"],\"isNecessary\":false},{\"type\":4,\"uniqueName\":\"\",\"label\":\"日期选择\",\"content\":\"\",\"isNecessary\":false,\"checkValue\":false},{\"type\":5,\"uniqueName\":\"\",\"label\":\"数量选择\",\"max\":10,\"min\":0,\"content\":0,\"isNecessary\":false,\"checkValue\":false},{\"type\":6,\"uniqueName\":\"\",\"label\":\"滑动条\",\"max\":1000,\"min\":0,\"content\":0,\"isNecessary\":false,\"checkValue\":false},{\"type\":7,\"uniqueName\":\"\",\"label\":\"带建议框\",\"suggestion\":\"1,4,5,6\",\"content\":\"5\",\"isNecessary\":false,\"checkValue\":false},{\"type\":20,\"uniqueName\":\"\",\"label\":\"自增表格\",\"header\":[\"列1\",\"列2\",\"列3\",\"列4\",\"列5\",\"列6\"],\"bodyForm\":[{\"type\":0,\"uniqueName\":\"\",\"label\":\"单行输入框\",\"max\":10,\"min\":0,\"suggestion\":\"\",\"content\":\"\"},{\"type\":1,\"uniqueName\":\"\",\"label\":\"多行文本\",\"max\":100,\"min\":0,\"suggestion\":\"\",\"content\":\"4\"},{\"type\":4,\"uniqueName\":\"\",\"label\":\"日期选择\",\"max\":100,\"min\":0,\"suggestion\":\"\",\"content\":\"\"},{\"type\":5,\"uniqueName\":\"\",\"label\":\"数量选择\",\"max\":100,\"min\":0,\"suggestion\":\"\",\"content\":0},{\"type\":6,\"uniqueName\":\"\",\"label\":\"滑动条\",\"max\":100,\"min\":0,\"suggestion\":\"\",\"content\":0},{\"type\":7,\"uniqueName\":\"\",\"label\":\"带建议输入\",\"max\":100,\"min\":0,\"suggestion\":\"9,8,7\",\"content\":\"\"}],\"content\":[[\"\",\"\",\"\",0,60,\"\"],[\"\",\"\",\"\",0,0,\"\"],[\"\",\"\",\"\",6,0,\"\"],[\"\",\"\",\"\",0,0,\"\"]]}]');
INSERT INTO `fill_in` VALUES (18, 5, 'wh', '管理员', 'admin', '2024-08-25 00:56:01', 1, '', '[{\"type\":7,\"uniqueName\":\"\",\"label\":\"人员ID\",\"suggestion\":\"\",\"content\":\"\",\"isNecessary\":true,\"checkValue\":true},{\"type\":0,\"uniqueName\":\"\",\"label\":\"单行输入框\",\"max\":10,\"min\":0,\"content\":\"\",\"isNecessary\":false,\"checkValue\":false},{\"type\":1,\"uniqueName\":\"\",\"label\":\"多行输入框\",\"max\":10,\"min\":0,\"content\":\"\",\"isNecessary\":false,\"checkValue\":false},{\"type\":2,\"uniqueName\":\"\",\"label\":\"单选框\",\"select\":\"\",\"content\":[\"选项1\",\"选项2\"],\"isNecessary\":false},{\"type\":3,\"uniqueName\":\"\",\"label\":\"多选框\",\"select\":[],\"content\":[\"选项1\",\"选项12\",\"选项3\"],\"isNecessary\":false},{\"type\":4,\"uniqueName\":\"\",\"label\":\"日期选择\",\"content\":\"\",\"isNecessary\":false,\"checkValue\":false},{\"type\":5,\"uniqueName\":\"\",\"label\":\"数量选择\",\"max\":10,\"min\":0,\"content\":2,\"isNecessary\":false,\"checkValue\":false},{\"type\":6,\"uniqueName\":\"\",\"label\":\"滑动条\",\"max\":1000,\"min\":0,\"content\":0,\"isNecessary\":false,\"checkValue\":false},{\"type\":7,\"uniqueName\":\"\",\"label\":\"带建议框\",\"suggestion\":\"1,4,5,6\",\"content\":\"\",\"isNecessary\":false,\"checkValue\":false},{\"type\":20,\"uniqueName\":\"\",\"label\":\"自增表格\",\"header\":[\"列1\",\"列2\",\"列3\",\"列4\",\"列5\",\"列6\"],\"bodyForm\":[{\"type\":0,\"uniqueName\":\"\",\"label\":\"单行输入框\",\"max\":10,\"min\":0,\"suggestion\":\"\",\"content\":\"\"},{\"type\":1,\"uniqueName\":\"\",\"label\":\"多行文本\",\"max\":100,\"min\":0,\"suggestion\":\"\",\"content\":\"\"},{\"type\":4,\"uniqueName\":\"\",\"label\":\"日期选择\",\"max\":100,\"min\":0,\"suggestion\":\"\",\"content\":\"\"},{\"type\":5,\"uniqueName\":\"\",\"label\":\"数量选择\",\"max\":100,\"min\":0,\"suggestion\":\"\",\"content\":\"\"},{\"type\":6,\"uniqueName\":\"\",\"label\":\"滑动条\",\"max\":100,\"min\":0,\"suggestion\":\"\",\"content\":\"\"},{\"type\":7,\"uniqueName\":\"\",\"label\":\"带建议输入\",\"max\":100,\"min\":0,\"suggestion\":\"9,8,7\",\"content\":\"\"}],\"content\":[[4,5,\"1\",1,0,\"1\"]]}]');
INSERT INTO `fill_in` VALUES (19, 5, 'wh', 'wh', '123', '2024-08-28 15:34:27', 1, 'x1', '[{\"type\":7,\"uniqueName\":\"\",\"label\":\"人员ID\",\"suggestion\":\"\",\"content\":\"x1\",\"isNecessary\":true,\"checkValue\":true},{\"type\":0,\"uniqueName\":\"\",\"label\":\"单行输入框\",\"max\":10,\"min\":0,\"content\":\"\",\"isNecessary\":false,\"checkValue\":false},{\"type\":1,\"uniqueName\":\"\",\"label\":\"多行输入框\",\"max\":10,\"min\":0,\"content\":\"\",\"isNecessary\":false,\"checkValue\":false},{\"type\":2,\"uniqueName\":\"\",\"label\":\"单选框\",\"select\":\"\",\"content\":[\"选项1\",\"选项2\"],\"isNecessary\":false},{\"type\":3,\"uniqueName\":\"\",\"label\":\"多选框\",\"select\":[],\"content\":[\"选项1\",\"选项12\",\"选项3\"],\"isNecessary\":false},{\"type\":4,\"uniqueName\":\"\",\"label\":\"日期选择\",\"content\":\"\",\"isNecessary\":false,\"checkValue\":false},{\"type\":5,\"uniqueName\":\"\",\"label\":\"数量选择\",\"max\":10,\"min\":0,\"content\":0,\"isNecessary\":false,\"checkValue\":false},{\"type\":6,\"uniqueName\":\"\",\"label\":\"滑动条\",\"max\":1000,\"min\":0,\"content\":500,\"isNecessary\":false,\"checkValue\":false},{\"type\":7,\"uniqueName\":\"\",\"label\":\"带建议框\",\"suggestion\":\"1,4,5,6\",\"content\":\"\",\"isNecessary\":false,\"checkValue\":false},{\"type\":20,\"uniqueName\":\"\",\"label\":\"自增表格\",\"header\":[\"列1\",\"列2\",\"列3\",\"列4\",\"列5\",\"列6\"],\"bodyForm\":[{\"type\":0,\"uniqueName\":\"\",\"label\":\"单行输入框\",\"max\":10,\"min\":0,\"suggestion\":\"\",\"content\":\"\"},{\"type\":1,\"uniqueName\":\"\",\"label\":\"多行文本\",\"max\":100,\"min\":0,\"suggestion\":\"\",\"content\":\"\"},{\"type\":4,\"uniqueName\":\"\",\"label\":\"日期选择\",\"max\":100,\"min\":0,\"suggestion\":\"\",\"content\":\"\"},{\"type\":5,\"uniqueName\":\"\",\"label\":\"数量选择\",\"max\":100,\"min\":0,\"suggestion\":\"\",\"content\":\"\"},{\"type\":6,\"uniqueName\":\"\",\"label\":\"滑动条\",\"max\":100,\"min\":0,\"suggestion\":\"\",\"content\":\"\"},{\"type\":7,\"uniqueName\":\"\",\"label\":\"带建议输入\",\"max\":100,\"min\":0,\"suggestion\":\"9,8,7\",\"content\":\"\"}],\"content\":[[4,5,\"1\",1,0,\"1\"]]}]');
INSERT INTO `fill_in` VALUES (20, 4, 'test2', 'wh', '123', '2024-08-25 02:15:44', 1, '', '[{\"type\":7,\"uniqueName\":\"\",\"label\":\"人员ID\",\"suggestion\":\"7,8,9\",\"content\":\"\",\"isNecessary\":true,\"checkValue\":true},{\"type\":2,\"uniqueName\":\"\",\"label\":\"单选框\",\"select\":\"选项2\",\"content\":[\"选项1\",\"选项2\"],\"isNecessary\":false},{\"type\":3,\"uniqueName\":\"\",\"label\":\"多选框\",\"select\":[],\"content\":[\"选项1\",\"选项12\",\"选项3\"],\"isNecessary\":false},{\"type\":7,\"uniqueName\":\"\",\"label\":\"带建议框\",\"suggestion\":\"\",\"content\":\"\",\"isNecessary\":true,\"checkValue\":false},{\"type\":20,\"uniqueName\":\"\",\"label\":\"自增表格\",\"header\":[\"列1\",\"列2\"],\"bodyForm\":[{\"type\":0,\"uniqueName\":\"\",\"label\":\"单行输入框\",\"max\":10,\"min\":0,\"suggestion\":\"\",\"content\":\"\"},{\"type\":4,\"uniqueName\":\"\",\"label\":\"日期选择\",\"max\":100,\"min\":0,\"suggestion\":\"\",\"content\":\"\"}],\"content\":[[4,5]]}]');
INSERT INTO `fill_in` VALUES (21, 4, 'test2', 'wh', '123', '2024-08-25 02:15:51', 3, '', '[{\"type\":7,\"uniqueName\":\"\",\"label\":\"人员ID\",\"suggestion\":\"7,8,9\",\"content\":\"\",\"isNecessary\":true,\"checkValue\":true},{\"type\":2,\"uniqueName\":\"\",\"label\":\"单选框\",\"select\":\"\",\"content\":[\"选项1\",\"选项2\"],\"isNecessary\":false},{\"type\":3,\"uniqueName\":\"\",\"label\":\"多选框\",\"select\":[],\"content\":[\"选项1\",\"选项12\",\"选项3\"],\"isNecessary\":false},{\"type\":7,\"uniqueName\":\"\",\"label\":\"带建议框\",\"suggestion\":\"\",\"content\":\"\",\"isNecessary\":true,\"checkValue\":false},{\"type\":20,\"uniqueName\":\"\",\"label\":\"自增表格\",\"header\":[\"列1\",\"列2\"],\"bodyForm\":[{\"type\":0,\"uniqueName\":\"\",\"label\":\"单行输入框\",\"max\":10,\"min\":0,\"suggestion\":\"\",\"content\":\"\"},{\"type\":4,\"uniqueName\":\"\",\"label\":\"日期选择\",\"max\":100,\"min\":0,\"suggestion\":\"\",\"content\":\"\"}],\"content\":[[4,5],[\"\",\"2024-08-26T16:00:00.000Z\"],[\"\",\"\"]]}]');
INSERT INTO `fill_in` VALUES (22, 3, 'test9', '管理员', 'admin', '2024-08-25 16:42:14', 1, '', '[{\"type\":7,\"uniqueName\":\"\",\"label\":\"人员ID\",\"suggestion\":\"\",\"content\":\"1\",\"isNecessary\":true,\"checkValue\":true},{\"type\":0,\"uniqueName\":\"\",\"label\":\"单行输入框\",\"max\":10,\"min\":0,\"content\":\"22\",\"isNecessary\":true,\"checkValue\":false},{\"type\":1,\"uniqueName\":\"\",\"label\":\"多行输入框\",\"max\":10,\"min\":0,\"content\":\"\",\"isNecessary\":false,\"checkValue\":true}]');
INSERT INTO `fill_in` VALUES (23, 6, '56456', 'wh', '123', '2024-08-25 18:24:59', 1, '', '[{\"type\":7,\"uniqueName\":\"\",\"label\":\"人员ID\",\"suggestion\":\"1,5,6\",\"content\":\"5\",\"isNecessary\":true,\"checkValue\":true},{\"type\":20,\"uniqueName\":\"\",\"label\":\"自增表格\",\"header\":[\"列1\",\"列2\",\"列3\",\"列4\"],\"bodyForm\":[{\"type\":1,\"uniqueName\":\"\",\"label\":\"多行文本\",\"max\":100,\"min\":0,\"suggestion\":\"\",\"content\":\"\"},{\"type\":0,\"uniqueName\":\"\",\"label\":\"单行输入框\",\"max\":10,\"min\":0,\"suggestion\":\"\",\"content\":\"\"},{\"type\":0,\"uniqueName\":\"\",\"label\":\"单行输入框\",\"max\":10,\"min\":0,\"suggestion\":\"\",\"content\":\"\"},{\"type\":0,\"uniqueName\":\"\",\"label\":\"单行输入框\",\"max\":10,\"min\":0,\"suggestion\":\"\",\"content\":\"\"}],\"content\":[[\"\",\"\",\"\",\"\"],[\"14\",\"\",\"\",\"\"],[\"\",\"\",\"\",\"\"]]},{\"type\":1,\"uniqueName\":\"\",\"label\":\"多行输入框\",\"max\":10,\"min\":0,\"content\":\"\",\"isNecessary\":false,\"checkValue\":false}]');
INSERT INTO `fill_in` VALUES (24, 5, 'wh', 'wh', '123', '2024-08-28 15:34:34', 1, '65', '[{\"type\":7,\"uniqueName\":\"\",\"label\":\"人员ID\",\"suggestion\":\"\",\"content\":\"x2\",\"isNecessary\":true,\"checkValue\":true},{\"type\":0,\"uniqueName\":\"\",\"label\":\"单行输入框\",\"max\":10,\"min\":0,\"content\":\"33\",\"isNecessary\":false,\"checkValue\":true},{\"type\":1,\"uniqueName\":\"\",\"label\":\"多行输入框\",\"max\":10,\"min\":0,\"content\":\"3\",\"isNecessary\":false,\"checkValue\":true},{\"type\":2,\"uniqueName\":\"\",\"label\":\"单选框\",\"select\":\"选项1\",\"content\":[\"选项1\",\"选项2\"],\"isNecessary\":false,\"checkValue\":true},{\"type\":3,\"uniqueName\":\"\",\"label\":\"多选框\",\"select\":[\"选项12\"],\"content\":[\"选项1\",\"选项12\",\"选项3\"],\"isNecessary\":false,\"checkValue\":true},{\"type\":4,\"uniqueName\":\"\",\"label\":\"日期选择\",\"content\":\"2024-07-31T16:00:00.000Z\",\"isNecessary\":false,\"checkValue\":false},{\"type\":5,\"uniqueName\":\"\",\"label\":\"数量选择\",\"max\":10,\"min\":0,\"content\":4,\"isNecessary\":false,\"checkValue\":true},{\"type\":6,\"uniqueName\":\"\",\"label\":\"滑动条\",\"max\":1000,\"min\":0,\"content\":116,\"isNecessary\":false,\"checkValue\":false},{\"type\":7,\"uniqueName\":\"\",\"label\":\"带建议框\",\"suggestion\":\"1,4,5,6\",\"content\":\"7\",\"isNecessary\":false,\"checkValue\":false},{\"type\":20,\"uniqueName\":\"\",\"label\":\"自增表格\",\"header\":[\"列1\",\"列2\",\"列3\",\"列4\",\"列5\",\"列6\"],\"bodyForm\":[{\"type\":0,\"uniqueName\":\"\",\"label\":\"单行输入框\",\"max\":10,\"min\":0,\"suggestion\":\"\",\"content\":\"\"},{\"type\":1,\"uniqueName\":\"\",\"label\":\"多行文本\",\"max\":100,\"min\":0,\"suggestion\":\"\",\"content\":\"\"},{\"type\":4,\"uniqueName\":\"\",\"label\":\"日期选择\",\"max\":100,\"min\":0,\"suggestion\":\"\",\"content\":\"\"},{\"type\":5,\"uniqueName\":\"\",\"label\":\"数量选择\",\"max\":100,\"min\":0,\"suggestion\":\"\",\"content\":\"\"},{\"type\":6,\"uniqueName\":\"\",\"label\":\"滑动条\",\"max\":100,\"min\":0,\"suggestion\":\"\",\"content\":\"\"},{\"type\":7,\"uniqueName\":\"\",\"label\":\"带建议输入\",\"max\":100,\"min\":0,\"suggestion\":\"9,8,7\",\"content\":\"\"}],\"content\":[[4,5,\"1\",3,0,\"1\"]]}]');
INSERT INTO `fill_in` VALUES (25, 5, 'wh', 'wh', '123', '2024-08-28 15:26:54', 1, '7789', '[{\"type\":7,\"uniqueName\":\"\",\"label\":\"人员ID\",\"suggestion\":\"\",\"content\":\"7789\",\"isNecessary\":true,\"checkValue\":true},{\"type\":0,\"uniqueName\":\"\",\"label\":\"单行输入框\",\"max\":10,\"min\":0,\"content\":\"32\",\"isNecessary\":false,\"checkValue\":true},{\"type\":1,\"uniqueName\":\"\",\"label\":\"多行输入框\",\"max\":10,\"min\":0,\"content\":\"96\",\"isNecessary\":false,\"checkValue\":true},{\"type\":2,\"uniqueName\":\"\",\"label\":\"单选框\",\"select\":\"\",\"content\":[\"选项1\",\"选项2\"],\"isNecessary\":false,\"checkValue\":true},{\"type\":3,\"uniqueName\":\"\",\"label\":\"多选框\",\"select\":[],\"content\":[\"选项1\",\"选项12\",\"选项3\"],\"isNecessary\":false,\"checkValue\":true},{\"type\":4,\"uniqueName\":\"\",\"label\":\"日期选择\",\"content\":\"\",\"isNecessary\":false,\"checkValue\":false},{\"type\":5,\"uniqueName\":\"\",\"label\":\"数量选择\",\"max\":10,\"min\":0,\"content\":0,\"isNecessary\":false,\"checkValue\":true},{\"type\":6,\"uniqueName\":\"\",\"label\":\"滑动条\",\"max\":1000,\"min\":0,\"content\":0,\"isNecessary\":false,\"checkValue\":false},{\"type\":7,\"uniqueName\":\"\",\"label\":\"带建议框\",\"suggestion\":\"1,4,5,6\",\"content\":\"\",\"isNecessary\":false,\"checkValue\":false},{\"type\":20,\"uniqueName\":\"\",\"label\":\"自增表格\",\"header\":[\"列1\",\"列2\",\"列3\",\"列4\",\"列5\",\"列6\"],\"bodyForm\":[{\"type\":0,\"uniqueName\":\"\",\"label\":\"单行输入框\",\"max\":10,\"min\":0,\"suggestion\":\"\",\"content\":\"\"},{\"type\":1,\"uniqueName\":\"\",\"label\":\"多行文本\",\"max\":100,\"min\":0,\"suggestion\":\"\",\"content\":\"\"},{\"type\":4,\"uniqueName\":\"\",\"label\":\"日期选择\",\"max\":100,\"min\":0,\"suggestion\":\"\",\"content\":\"\"},{\"type\":5,\"uniqueName\":\"\",\"label\":\"数量选择\",\"max\":100,\"min\":0,\"suggestion\":\"\",\"content\":\"\"},{\"type\":6,\"uniqueName\":\"\",\"label\":\"滑动条\",\"max\":100,\"min\":0,\"suggestion\":\"\",\"content\":\"\"},{\"type\":7,\"uniqueName\":\"\",\"label\":\"带建议输入\",\"max\":100,\"min\":0,\"suggestion\":\"9,8,7\",\"content\":\"\"}],\"content\":[[4,5,\"1\",1,0,\"1\"]]}]');

-- ----------------------------
-- Table structure for forn_list
-- ----------------------------
DROP TABLE IF EXISTS `forn_list`;
CREATE TABLE `forn_list`  (
  `id` int NOT NULL AUTO_INCREMENT,
  `creator` varchar(255) CHARACTER SET utf8mb4 COLLATE utf8mb4_general_ci NOT NULL COMMENT '创建人',
  `creat_date` timestamp NOT NULL ON UPDATE CURRENT_TIMESTAMP,
  `table_name` varchar(255) CHARACTER SET utf8mb4 COLLATE utf8mb4_general_ci NOT NULL,
  `description` varchar(255) CHARACTER SET utf8mb4 COLLATE utf8mb4_general_ci NOT NULL,
  `content` longtext CHARACTER SET utf8mb4 COLLATE utf8mb4_general_ci NOT NULL,
  `check_number` int NOT NULL COMMENT '校验项的数量，不小于3',
  `state` int NOT NULL DEFAULT 0 COMMENT '0为关闭，1为开启',
  `filled` int NOT NULL DEFAULT 0 COMMENT '0为没开放过填写 可以编辑，1为开放过填写 不可以编辑',
  `permissions` varchar(255) CHARACTER SET utf8mb4 COLLATE utf8mb4_general_ci NULL DEFAULT NULL COMMENT '填写权限，设置哪些人可以填写',
  PRIMARY KEY (`id`) USING BTREE
) ENGINE = InnoDB AUTO_INCREMENT = 12 CHARACTER SET = utf8mb4 COLLATE = utf8mb4_general_ci ROW_FORMAT = DYNAMIC;

-- ----------------------------
-- Records of forn_list
-- ----------------------------
INSERT INTO `forn_list` VALUES (2, '管理员', '2024-08-28 17:28:09', '1', '1', '[{\"type\":7,\"uniqueName\":\"\",\"label\":\"人员ID\",\"suggestion\":\"\",\"content\":\"\",\"isNecessary\":true,\"checkValue\":true}]', 0, 1, 1, 'admin,123');
INSERT INTO `forn_list` VALUES (3, '管理员', '2024-08-28 17:29:53', 'test9', '测试表，用于测试', '[{\"type\":7,\"uniqueName\":\"\",\"label\":\"人员ID\",\"suggestion\":\"\",\"content\":\"\",\"isNecessary\":true,\"checkValue\":true},{\"type\":0,\"uniqueName\":\"\",\"label\":\"单行输入框\",\"max\":10,\"min\":0,\"content\":\"\",\"isNecessary\":true,\"checkValue\":false},{\"type\":1,\"uniqueName\":\"\",\"label\":\"多行输入框\",\"max\":10,\"min\":0,\"content\":\"\",\"isNecessary\":false,\"checkValue\":true}]', 0, 0, 0, 'admin,123');
INSERT INTO `forn_list` VALUES (4, '管理员', '2024-08-28 17:31:29', 'test2', '测试表2', '[{\"type\":7,\"uniqueName\":\"\",\"label\":\"人员ID\",\"suggestion\":\"7,8,9\",\"content\":\"\",\"isNecessary\":true,\"checkValue\":true},{\"type\":2,\"uniqueName\":\"\",\"label\":\"单选框\",\"select\":\"\",\"content\":[\"选项1\",\"选项2\"],\"isNecessary\":false},{\"type\":3,\"uniqueName\":\"\",\"label\":\"多选框\",\"select\":[],\"content\":[\"选项1\",\"选项12\",\"选项3\"],\"isNecessary\":false},{\"type\":7,\"uniqueName\":\"\",\"label\":\"带建议框\",\"suggestion\":\"\",\"content\":\"\",\"isNecessary\":true,\"checkValue\":false},{\"type\":20,\"uniqueName\":\"\",\"label\":\"自增表格\",\"header\":[\"列1\",\"列2\"],\"bodyForm\":[{\"type\":0,\"uniqueName\":\"\",\"label\":\"单行输入框\",\"max\":10,\"min\":0,\"suggestion\":\"\",\"content\":\"\"},{\"type\":4,\"uniqueName\":\"\",\"label\":\"日期选择\",\"max\":100,\"min\":0,\"suggestion\":\"\",\"content\":\"\"}],\"content\":[[4,5]]}]', 0, 0, 1, 'admin');
INSERT INTO `forn_list` VALUES (5, '管理员', '2024-08-28 17:30:38', 'wh', '测试用，用于测试表单所有类型组件填写', '[{\"type\":7,\"uniqueName\":\"\",\"label\":\"人员ID\",\"suggestion\":\"\",\"content\":\"\",\"isNecessary\":true,\"checkValue\":true},{\"type\":0,\"uniqueName\":\"\",\"label\":\"单行输入框\",\"max\":10,\"min\":0,\"content\":\"\",\"isNecessary\":false,\"checkValue\":true},{\"type\":1,\"uniqueName\":\"\",\"label\":\"多行输入框\",\"max\":10,\"min\":0,\"content\":\"\",\"isNecessary\":false,\"checkValue\":true},{\"type\":2,\"uniqueName\":\"\",\"label\":\"单选框\",\"select\":\"\",\"content\":[\"选项1\",\"选项2\"],\"isNecessary\":false,\"checkValue\":true},{\"type\":3,\"uniqueName\":\"\",\"label\":\"多选框\",\"select\":[],\"content\":[\"选项1\",\"选项12\",\"选项3\"],\"isNecessary\":false,\"checkValue\":true},{\"type\":4,\"uniqueName\":\"\",\"label\":\"日期选择\",\"content\":\"\",\"isNecessary\":false,\"checkValue\":false},{\"type\":5,\"uniqueName\":\"\",\"label\":\"数量选择\",\"max\":10,\"min\":0,\"content\":0,\"isNecessary\":false,\"checkValue\":true},{\"type\":6,\"uniqueName\":\"\",\"label\":\"滑动条\",\"max\":1000,\"min\":0,\"content\":0,\"isNecessary\":false,\"checkValue\":false},{\"type\":7,\"uniqueName\":\"\",\"label\":\"带建议框\",\"suggestion\":\"1,4,5,6\",\"content\":\"\",\"isNecessary\":false,\"checkValue\":false},{\"type\":20,\"uniqueName\":\"\",\"label\":\"自增表格\",\"header\":[\"列1\",\"列2\",\"列3\",\"列4\",\"列5\",\"列6\"],\"bodyForm\":[{\"type\":0,\"uniqueName\":\"\",\"label\":\"单行输入框\",\"max\":10,\"min\":0,\"suggestion\":\"\",\"content\":\"\"},{\"type\":1,\"uniqueName\":\"\",\"label\":\"多行文本\",\"max\":100,\"min\":0,\"suggestion\":\"\",\"content\":\"\"},{\"type\":4,\"uniqueName\":\"\",\"label\":\"日期选择\",\"max\":100,\"min\":0,\"suggestion\":\"\",\"content\":\"\"},{\"type\":5,\"uniqueName\":\"\",\"label\":\"数量选择\",\"max\":100,\"min\":0,\"suggestion\":\"\",\"content\":\"\"},{\"type\":6,\"uniqueName\":\"\",\"label\":\"滑动条\",\"max\":100,\"min\":0,\"suggestion\":\"\",\"content\":\"\"},{\"type\":7,\"uniqueName\":\"\",\"label\":\"带建议输入\",\"max\":100,\"min\":0,\"suggestion\":\"9,8,7\",\"content\":\"\"}],\"content\":[[4,5,\"1\",\"1\",\"1\",\"1\"]]}]', 5, 1, 1, '');
INSERT INTO `forn_list` VALUES (6, '管理员', '2024-08-28 17:37:37', '56456', 'hhjj', '[{\"type\":7,\"uniqueName\":\"\",\"label\":\"人员ID\",\"suggestion\":\"1,5,6\",\"content\":\"\",\"isNecessary\":true,\"checkValue\":true},{\"type\":20,\"uniqueName\":\"\",\"label\":\"自增表格\",\"header\":[\"列1\",\"列2\",\"列3\",\"列4\"],\"bodyForm\":[{\"type\":1,\"uniqueName\":\"\",\"label\":\"多行文本\",\"max\":100,\"min\":0,\"suggestion\":\"\",\"content\":\"\"},{\"type\":0,\"uniqueName\":\"\",\"label\":\"单行输入框\",\"max\":10,\"min\":0,\"suggestion\":\"\",\"content\":\"\"},{\"type\":0,\"uniqueName\":\"\",\"label\":\"单行输入框\",\"max\":10,\"min\":0,\"suggestion\":\"\",\"content\":\"\"},{\"type\":0,\"uniqueName\":\"\",\"label\":\"单行输入框\",\"max\":10,\"min\":0,\"suggestion\":\"\",\"content\":\"\"}],\"content\":[[\"\",\"\",\"\",\"\"]]},{\"type\":1,\"uniqueName\":\"\",\"label\":\"多行输入框\",\"max\":10,\"min\":0,\"content\":\"\",\"isNecessary\":false,\"checkValue\":false}]', 0, 1, 1, '');
INSERT INTO `forn_list` VALUES (7, '管理员', '2024-08-28 17:41:15', '1', '63', '[{\"type\":7,\"uniqueName\":\"\",\"label\":\"人员ID\",\"suggestion\":\"\",\"content\":\"\",\"isNecessary\":true,\"checkValue\":true},{\"type\":0,\"uniqueName\":\"\",\"label\":\"单行输入框\",\"max\":10,\"min\":0,\"content\":\"\",\"isNecessary\":true,\"checkValue\":true},{\"type\":5,\"uniqueName\":\"\",\"label\":\"数量选择\",\"max\":10,\"min\":0,\"content\":0,\"isNecessary\":false,\"checkValue\":true},{\"type\":4,\"uniqueName\":\"\",\"label\":\"日期选择\",\"content\":\"\",\"isNecessary\":false,\"checkValue\":false},{\"type\":3,\"uniqueName\":\"\",\"label\":\"多选框\",\"select\":[],\"content\":[\"选项1\",\"选项12\",\"选项3\"],\"isNecessary\":false},{\"type\":6,\"uniqueName\":\"\",\"label\":\"滑动条\",\"max\":1000,\"min\":0,\"content\":0,\"isNecessary\":false,\"checkValue\":false}]', 2, 1, 1, '123');
INSERT INTO `forn_list` VALUES (11, '管理员', '2024-08-28 17:29:54', '777', '7777777', '[{\"type\":7,\"uniqueName\":\"\",\"label\":\"人员ID\",\"suggestion\":\"1,5,7\",\"content\":\"\",\"isNecessary\":true,\"checkValue\":true},{\"type\":20,\"uniqueName\":\"\",\"label\":\"自增表格\",\"header\":[\"列1\",\"列2\",\"列3\",\"列4\"],\"bodyForm\":[{\"type\":0,\"uniqueName\":\"\",\"label\":\"单行输入框\",\"max\":10,\"min\":0,\"suggestion\":\"\",\"content\":\"\"},{\"type\":0,\"uniqueName\":\"\",\"label\":\"单行输入框\",\"max\":10,\"min\":0,\"suggestion\":\"\",\"content\":\"\"},{\"type\":6,\"uniqueName\":\"\",\"label\":\"滑动条\",\"max\":100,\"min\":0,\"suggestion\":\"\",\"content\":\"\"},{\"type\":0,\"uniqueName\":\"\",\"label\":\"单行输入框\",\"max\":10,\"min\":0,\"suggestion\":\"\",\"content\":\"\"}],\"content\":[[\"\",\"\",\"\",\"\"]]},{\"type\":1,\"uniqueName\":\"\",\"label\":\"多行输入框\",\"max\":10,\"min\":0,\"content\":\"\",\"isNecessary\":false,\"checkValue\":true},{\"type\":5,\"uniqueName\":\"\",\"label\":\"数量选择\",\"max\":10,\"min\":0,\"content\":0,\"isNecessary\":false,\"checkValue\":true}]', 3, 0, 1, 'admin,123');

-- ----------------------------
-- Table structure for logs
-- ----------------------------
DROP TABLE IF EXISTS `logs`;
CREATE TABLE `logs`  (
  `id` int NOT NULL AUTO_INCREMENT,
  `user` varchar(255) CHARACTER SET utf8mb4 COLLATE utf8mb4_general_ci NOT NULL,
  `account` varchar(255) CHARACTER SET utf8mb4 COLLATE utf8mb4_general_ci NULL DEFAULT NULL,
  `controls` varchar(255) CHARACTER SET utf8mb4 COLLATE utf8mb4_general_ci NOT NULL,
  `controls_date` datetime NOT NULL,
  PRIMARY KEY (`id`) USING BTREE
) ENGINE = InnoDB AUTO_INCREMENT = 53 CHARACTER SET = utf8mb4 COLLATE = utf8mb4_general_ci ROW_FORMAT = DYNAMIC;

-- ----------------------------
-- Records of logs
-- ----------------------------
INSERT INTO `logs` VALUES (1, 'wh', '123', '登录', '2024-08-23 16:56:07');
INSERT INTO `logs` VALUES (2, '管理员', 'admin', '登录', '2024-08-25 00:00:00');
INSERT INTO `logs` VALUES (3, 'wh', '123', '登录', '2024-08-25 00:00:00');
INSERT INTO `logs` VALUES (4, '管理员', 'admin', '登录', '2024-08-25 00:00:00');
INSERT INTO `logs` VALUES (5, '管理员', 'admin', '登录', '2024-08-25 00:00:00');
INSERT INTO `logs` VALUES (6, '管理员', 'admin', '登录', '2024-08-25 15:49:10');
INSERT INTO `logs` VALUES (7, '管理员', 'admin', '登录', '2024-08-25 09:00:00');
INSERT INTO `logs` VALUES (8, '管理员', 'admin', '登录', '2024-08-25 00:00:00');
INSERT INTO `logs` VALUES (9, '管理员', 'admin', '登录', '2024-08-25 12:00:00');
INSERT INTO `logs` VALUES (10, '管理员', 'admin', '登录', '2024-08-25 00:00:00');
INSERT INTO `logs` VALUES (11, '管理员', 'admin', '登录', '2024-08-25 09:00:00');
INSERT INTO `logs` VALUES (12, 'wh', '123', '登录', '2024-08-25 08:00:00');
INSERT INTO `logs` VALUES (13, '管理员', 'admin', '登录', '2024-08-25 00:00:00');
INSERT INTO `logs` VALUES (14, '管理员', 'admin', '登录', '2024-08-25 00:00:00');
INSERT INTO `logs` VALUES (15, '管理员', 'admin', '登录', '2024-08-25 10:00:00');
INSERT INTO `logs` VALUES (16, '管理员', 'admin', '登录', '2024-08-25 16:31:39');
INSERT INTO `logs` VALUES (17, '管理员', 'admin', '登录', '2024-08-25 16:41:45');
INSERT INTO `logs` VALUES (18, '管理员', 'admin', '登录', '2024-08-25 18:13:53');
INSERT INTO `logs` VALUES (19, '管理员', 'admin', '登录', '2024-08-25 18:16:24');
INSERT INTO `logs` VALUES (20, 'wh', '123', '登录', '2024-08-25 18:23:01');
INSERT INTO `logs` VALUES (21, '管理员', 'admin', '登录', '2024-08-26 15:19:21');
INSERT INTO `logs` VALUES (22, '管理员', 'admin', '登录', '2024-08-26 16:04:27');
INSERT INTO `logs` VALUES (23, '管理员', 'admin', '登录', '2024-08-26 16:09:09');
INSERT INTO `logs` VALUES (24, '管理员', 'admin', '登录', '2024-08-26 16:10:18');
INSERT INTO `logs` VALUES (25, '管理员', 'admin', '登录', '2024-08-26 16:34:34');
INSERT INTO `logs` VALUES (26, '管理员', 'admin', '登录', '2024-08-26 17:05:50');
INSERT INTO `logs` VALUES (27, '管理员', 'admin', '登录', '2024-08-27 10:34:24');
INSERT INTO `logs` VALUES (28, '管理员', 'admin', '登录', '2024-08-27 11:30:55');
INSERT INTO `logs` VALUES (29, 'wh', '123', '登录', '2024-08-27 11:50:11');
INSERT INTO `logs` VALUES (30, 'wh', '123', '登录', '2024-08-27 11:52:57');
INSERT INTO `logs` VALUES (31, '管理员', 'admin', '登录', '2024-08-27 14:16:54');
INSERT INTO `logs` VALUES (32, '管理员', 'admin', '登录', '2024-08-27 14:18:09');
INSERT INTO `logs` VALUES (33, '管理员', 'admin', '登录', '2024-08-28 08:51:20');
INSERT INTO `logs` VALUES (34, 'wh', '123', '登录', '2024-08-28 09:01:34');
INSERT INTO `logs` VALUES (35, '管理员', 'admin', '登录', '2024-08-28 09:07:20');
INSERT INTO `logs` VALUES (36, 'wh', '123', '登录', '2024-08-28 09:15:17');
INSERT INTO `logs` VALUES (37, '管理员', 'admin', '登录', '2024-08-28 09:21:19');
INSERT INTO `logs` VALUES (38, 'wh', '123', '登录', '2024-08-28 09:29:56');
INSERT INTO `logs` VALUES (39, '管理员', 'admin', '登录', '2024-08-28 09:30:31');
INSERT INTO `logs` VALUES (40, '管理员', 'admin', '登录', '2024-08-28 11:39:15');
INSERT INTO `logs` VALUES (41, '管理员', 'admin', '登录', '2024-08-28 11:51:10');
INSERT INTO `logs` VALUES (42, 'wh', '123', '登录', '2024-08-28 15:17:46');
INSERT INTO `logs` VALUES (43, '管理员', 'admin', '登录', '2024-08-28 15:37:34');
INSERT INTO `logs` VALUES (44, 'wh', '123', '登录', '2024-08-28 16:06:08');
INSERT INTO `logs` VALUES (45, '管理员', 'admin', '登录', '2024-08-28 16:06:19');
INSERT INTO `logs` VALUES (46, '管理员', 'admin', '登录', '2024-08-28 16:09:20');
INSERT INTO `logs` VALUES (47, '管理员', 'admin', '登录', '2024-08-28 16:15:25');
INSERT INTO `logs` VALUES (48, '管理员', 'admin', '登录', '2024-08-28 16:18:31');
INSERT INTO `logs` VALUES (49, '管理员', 'admin', '登录', '2024-08-28 16:19:18');
INSERT INTO `logs` VALUES (50, '管理员', 'admin', '登录', '2024-08-28 16:19:58');
INSERT INTO `logs` VALUES (51, '管理员', 'admin', '登录', '2024-08-28 17:13:24');
INSERT INTO `logs` VALUES (52, '管理员', 'admin', '登录', '2024-08-28 17:37:51');

-- ----------------------------
-- Table structure for user
-- ----------------------------
DROP TABLE IF EXISTS `user`;
CREATE TABLE `user`  (
  `account` varchar(255) CHARACTER SET utf8mb4 COLLATE utf8mb4_general_ci NOT NULL,
  `password` varchar(255) CHARACTER SET utf8mb4 COLLATE utf8mb4_general_ci NOT NULL,
  `name` varchar(255) CHARACTER SET utf8mb4 COLLATE utf8mb4_general_ci NOT NULL,
  `phone` varchar(255) CHARACTER SET utf8mb4 COLLATE utf8mb4_general_ci NOT NULL,
  `power` tinyint NOT NULL COMMENT '为1时是管理员，0时是普通用户',
  `roles` varchar(255) CHARACTER SET utf8mb4 COLLATE utf8mb4_general_ci NOT NULL COMMENT '页面权限',
  `create_date` timestamp NOT NULL,
  PRIMARY KEY (`account`) USING BTREE
) ENGINE = InnoDB CHARACTER SET = utf8mb4 COLLATE = utf8mb4_general_ci ROW_FORMAT = DYNAMIC;

-- ----------------------------
-- Records of user
-- ----------------------------
INSERT INTO `user` VALUES ('123', '123', 'wh', '14705253625', 0, '[\'自定义表单\',\'表单列表\',\'表单填写\']', '2024-08-25 04:13:03');
INSERT INTO `user` VALUES ('admin', 'admin', '管理员', '14536253625', 1, 'admin', '2024-08-24 02:13:07');

SET FOREIGN_KEY_CHECKS = 1;
